operacion,tipo,lat,long,m2total,m2cub,direccion,cambio,preciousd,precioars,preciousdm,precioarsm,fot,zona,shape_leng,shape_area,calle,altura,barrio,comuna,codigo_postal,codigo_postal_argentino
VTA,TERRENO,-34.6046549,-58.424276,209.0,627.0,SARMIENTO 4100,28.0,550000.0,15400000.0,2631.578947,73684.210526,,CENTRO-ESTE,20683.6991448,18261663.0839,SARMIENTO ,4100,ALMAGRO,5.0,1197,C1197AAH
VTA,TERRENO,-34.6042523,-58.4167669,463.0,644.0,MARIO BRAVO 467,28.0,1150000.0,32200000.0,2483.801296,69546.436285,2.5,CENTRO-ESTE,20683.6991448,18261663.0839,MARIO BRAVO ,467,ALMAGRO,5.0,1175,C1175ABG
VTA,TERRENO,-34.615807000000004,-58.420898,355.0,355.0,Belgrano 3800,28.0,360000.0,10080000.0,1014.084507,28394.366197000003,,CENTRO-ESTE,20683.6991448,18261663.0839,Belgrano ,3800,ALMAGRO,5.0,1210,C1210AAS
VTA,TERRENO,-34.61705705,-58.41627686,422.0,0.0,BOEDO 300,28.0,935000.0,26180000.0,2215.63981,62037.914692,,CENTRO-ESTE,20683.6991448,18261663.0839,BOEDO ,300,ALMAGRO,5.0,1206,C1206AAP
VTA,TERRENO,-34.603556,-58.413736,217.0,0.0,SANCHEZ DE BUSTAMANTE 500,28.0,700000.0,19600000.0,3225.806452,90322.58064500001,,CENTRO-ESTE,20683.6991448,18261663.0839,SANCHEZ DE BUSTAMANTE ,500,ALMAGRO,5.0,1173,C1173ABH
VTA,TERRENO,-34.619216929158,-58.414052305774,101.0,0.0,Virrey Liniers 600,28.0,180000.0,5040000.0,1782.178218,49900.990099,,CENTRO-ESTE,20683.6991448,18261663.0839,Virrey Liniers ,600,ALMAGRO,5.0,1220,C1220AAB
VTA,TERRENO,-34.5985831,-58.4251517,366.0,366.0,Palestina,28.0,750000.0,21000000.0,2049.180328,57377.049179999995,2.77,CENTRO-ESTE,20683.6991448,18261663.0839,Palestina,,ALMAGRO,5.0,,
VTA,TERRENO,-34.6144997,-58.416636200000006,193.0,0.0,DR M MORENO 3500,28.0,290000.0,8120000.0,1502.590674,42072.53886,,CENTRO-ESTE,20683.6991448,18261663.0839,DR M MORENO ,3500,ALMAGRO,5.0,,
VTA,TERRENO,-34.6031243,-58.413725199999995,283.0,0.0,HUMAHUACA 3400,28.0,850000.0,23800000.0,3003.533569,84098.939929,,CENTRO-ESTE,20683.6991448,18261663.0839,HUMAHUACA ,3400,ALMAGRO,5.0,1191,C1191ABB
VTA,TERRENO,-34.609452600000004,-58.424727299999994,534.0,0.0,GASCON 200,28.0,980000.0,27440000.0,1835.205993,51385.76779,2.77,CENTRO-ESTE,20683.6991448,18261663.0839,GASCON ,200,ALMAGRO,5.0,1181,C1181ACB
VTA,TERRENO,-34.60729,-58.421962,296.0,0.0,POTOSI 3900,28.0,750000.0,21000000.0,2533.783784,70945.945946,,CENTRO-ESTE,20683.6991448,18261663.0839,POTOSI ,3900,ALMAGRO,5.0,1199,C1199ACD
VTA,TERRENO,-34.6036797,-58.415303200000004,520.0,520.0,AVENIDA CORRIENTES,28.0,1295000.0,36260000.0,2490.384615,69730.769231,4.0,CENTRO-ESTE,20683.6991448,18261663.0839,AVENIDA CORRIENTES,,ALMAGRO,5.0,,
VTA,TERRENO,-34.603176399999995,-58.42653879999999,171.0,0.0,PRINGLES 700,28.0,480000.0,13440000.0,2807.0175440000003,78596.491228,,CENTRO-ESTE,20683.6991448,18261663.0839,PRINGLES ,700,ALMAGRO,5.0,1183,C1183AEL
VTA,TERRENO,-34.613763899999995,-58.42396170000001,626.0,626.0,DON BOSCO 4100,28.0,450000.0,12600000.0,718.8498400000001,20127.795527000002,,CENTRO-ESTE,20683.6991448,18261663.0839,DON BOSCO ,4100,ALMAGRO,5.0,1206,C1206ABN
VTA,TERRENO,-34.6092722,-58.4260855,475.0,475.0,RAWSON 277,28.0,790000.0,22120000.0,1663.1578949999998,46568.421053,,CENTRO-ESTE,20683.6991448,18261663.0839,RAWSON ,277,ALMAGRO,5.0,1182,C1182ACC
VTA,TERRENO,-34.6005375,-58.4162851,140.0,0.0,Lavalle 3600 esq Mario Bravo,28.0,930000.0,26040000.0,6642.857143,186000.0,,CENTRO-ESTE,20683.6991448,18261663.0839,Lavalle ,3600,ALMAGRO,5.0,1190,C1190AAR
VTA,TERRENO,-34.615907799999995,-58.4237069,765.0,0.0,Belgrano 4000,28.0,1500000.0,42000000.0,1960.784314,54901.960784,,CENTRO-ESTE,20683.6991448,18261663.0839,Belgrano ,4000,ALMAGRO,5.0,1210,C1210AAU
VTA,TERRENO,-34.607068,-58.414273,212.0,0.0,Tte. Gral. Juan Domingo Perón 3300,28.0,655000.0,18340000.0,3089.6226420000003,86509.433962,,CENTRO-ESTE,20683.6991448,18261663.0839,Tte. Gral. Juan Domingo Perón ,3300,ALMAGRO,5.0,1198,C1198AAJ
VTA,TERRENO,-34.598505941044,-58.427708260326995,220.0,0.0,Estado de Israel 4300,28.0,1600000.0,44800000.0,7272.727273,203636.363636,,CENTRO-ESTE,20683.6991448,18261663.0839,Estado de Israel ,4300,ALMAGRO,5.0,1185,C1185AAO
VTA,TERRENO,-34.6076282,-58.4269171,105.0,0.0,PJE J KING 300,28.0,260000.0,7280000.0,2476.190476,69333.333333,,CENTRO-ESTE,20683.6991448,18261663.0839,PJE J KING ,300,ALMAGRO,5.0,,
VTA,TERRENO,-34.611058299999996,-58.420189199999996,188.0,650.0,HUMAHUACA 3700,28.0,770000.0,21560000.0,4095.744681,114680.85106400002,3.0,CENTRO-ESTE,20683.6991448,18261663.0839,HUMAHUACA ,3700,ALMAGRO,5.0,1191,C1191ABH
VTA,TERRENO,-34.6111326,-58.419712100000005,527.0,1.0,Colombres 100,28.0,1000000.0,28000000.0,1897.533207,53130.929791,,CENTRO-ESTE,20683.6991448,18261663.0839,Colombres ,100,ALMAGRO,5.0,1177,C1177AAB
VTA,TERRENO,-34.624882899999996,-58.3884943,275.0,275.0,Virrey Cevallos 1400,28.0,300000.0,8400000.0,1090.909091,30545.454545,,CENTRO-ESTE,20683.6991448,18261663.0839,Virrey Cevallos ,1400,CONSTITUCION,1.0,1135,C1135AAD
VTA,TERRENO,-34.6194325,-58.3872198,910.0,910.0,saenz peña 964,28.0,390000.0,10920000.0,428.571429,12000.0,4.16,CENTRO-ESTE,20683.6991448,18261663.0839,saenz peña ,964,CONSTITUCION,1.0,,
VTA,TERRENO,-34.6240821,-58.3896439,230.0,0.0,Solis 1300,28.0,320000.0,8960000.0,1391.3043480000001,38956.521738999996,,CENTRO-ESTE,20683.6991448,18261663.0839,Solis ,1300,CONSTITUCION,1.0,1134,C1134ADB
VTA,TERRENO,-34.6268756,-58.386350199999995,332.0,0.0,Juan de Garay 1400,28.0,640000.0,17920000.0,1927.710843,53975.903613999995,,CENTRO-ESTE,20683.6991448,18261663.0839,Juan de Garay ,1400,CONSTITUCION,1.0,1153,C1153ABY
VTA,TERRENO,-34.6290537,-58.383224399999996,203.0,0.0,Obrien 1200,28.0,330000.0,9240000.0,1625.6157640000001,45517.241379,,CENTRO-ESTE,20683.6991448,18261663.0839,Obrien ,1200,CONSTITUCION,1.0,1137,C1137ABB
VTA,TERRENO,-34.630424100000006,-58.384072399999994,613.0,0.0,Santiago del Estero 1900,28.0,320000.0,8960000.0,522.022838,14616.639478000001,3.0,CENTRO-ESTE,20683.6991448,18261663.0839,Santiago del Estero ,1900,CONSTITUCION,1.0,1136,C1136ABN
VTA,TERRENO,-34.6209199,-58.398931700000006,342.0,0.0,Carlos Calvo 2300,28.0,550000.0,15400000.0,1608.187135,45029.239766000006,2.77,CENTRO-ESTE,20683.6991448,18261663.0839,Carlos Calvo ,2300,SAN CRISTOBAL,3.0,1230,C1230AAJ
VTA,TERRENO,-34.6232338,-58.3978289,376.0,0.0,PICHINCHA 1200,28.0,650000.0,18200000.0,1728.7234039999998,48404.255318999996,2.5,CENTRO-ESTE,20683.6991448,18261663.0839,PICHINCHA ,1200,SAN CRISTOBAL,3.0,1219,C1219ACN
VTA,TERRENO,-34.628425,-58.40495,447.0,0.0,Av. Chiclana 2800,28.0,500000.0,14000000.0,1118.568233,31319.910514999996,,CENTRO-ESTE,20683.6991448,18261663.0839,Av. Chiclana ,2800,SAN CRISTOBAL,3.0,,
VTA,TERRENO,-34.6277214,-58.4084294,333.0,0.0,URQUIZA GRAL. 1400,28.0,550000.0,15400000.0,1651.651652,46246.246245999995,,CENTRO-ESTE,20683.6991448,18261663.0839,URQUIZA GRAL. ,1400,SAN CRISTOBAL,3.0,1243,C1243AED
VTA,TERRENO,-34.625174301658,-58.395696526984,404.0,0.0,Pasco 1300,28.0,590000.0,16520000.0,1460.39604,40891.089109,2.6,CENTRO-ESTE,20683.6991448,18261663.0839,Pasco ,1300,SAN CRISTOBAL,3.0,1251,C1251AAB
VTA,TERRENO,-34.6205514,-58.407371499999996,261.0,785.0,LA RIOJA 800,28.0,440000.0,12320000.0,1685.8237550000001,47203.065134,,CENTRO-ESTE,20683.6991448,18261663.0839,LA RIOJA ,800,SAN CRISTOBAL,3.0,1221,C1221ACF
VTA,TERRENO,-34.6235468,-58.4004491,460.0,0.0,,28.0,2000000.0,56000000.0,4347.8260869999995,121739.13043499998,,CENTRO-ESTE,20683.6991448,18261663.0839,,,SAN CRISTOBAL,3.0,,
VTA,TERRENO,-34.622505,-58.401113,237.0,0.0,Humberto Primo 2500,28.0,400000.0,11200000.0,1687.7637129999998,47257.383966,,CENTRO-ESTE,20683.6991448,18261663.0839,Humberto Primo ,2500,SAN CRISTOBAL,3.0,1229,C1229AAN
VTA,TERRENO,-34.621306700000005,-58.36852170000001,494.0,0.0,Av. Paseo Colon 1100,28.0,1950000.0,54600000.0,3947.368421,110526.31578900001,,CENTRO-ESTE,20683.6991448,18261663.0839,Av. Paseo Colon ,1100,SAN TELMO,1.0,1063,C1063ACX
VTA,TERRENO,-34.623479419184,-58.373845860852,700.0,700.0,Peru 1300,28.0,1100000.0,30800000.0,1571.4285710000001,44000.0,,CENTRO-ESTE,20683.6991448,18261663.0839,Peru ,1300,SAN TELMO,1.0,1141,C1141ACB
VTA,TERRENO,-34.612205200000005,-58.406520400000005,765.0,0.0,CATAMARCA 100,28.0,1400000.0,39200000.0,1830.065359,51241.830064999995,,CENTRO-ESTE,20683.6991448,18261663.0839,CATAMARCA ,100,BALVANERA,3.0,1213,C1213ABB
VTA,TERRENO,-34.61353202,-58.4114404,393.0,0.0,ALSINA ADOLFO 3200,28.0,455000.0,12740000.0,1157.760814,32417.302799,,CENTRO-ESTE,20683.6991448,18261663.0839,ALSINA ADOLFO ,3200,BALVANERA,3.0,1207,C1207AAH
VTA,TERRENO,-34.6028742,-58.4107085,387.0,0.0,Lavalle 3000,28.0,605000.0,16940000.0,1563.307494,43772.609819,,CENTRO-ESTE,20683.6991448,18261663.0839,Lavalle ,3000,BALVANERA,3.0,1190,C1190AAF
VTA,TERRENO,-34.6177049,-58.3943205,550.0,500.0,SARANDI 750,28.0,680000.0,19040000.0,1236.363636,34618.181818,,CENTRO-ESTE,20683.6991448,18261663.0839,SARANDI ,750,BALVANERA,3.0,1222,C1222ACF
VTA,TERRENO,-34.598459399999996,-58.403731900000004,171.0,171.0,Avenida cordoba,28.0,1280000.0,35840000.0,7485.380117000001,209590.643275,,CENTRO-ESTE,20683.6991448,18261663.0839,Avenida cordoba,,BALVANERA,3.0,,
VTA,TERRENO,-34.607260600000004,-58.4134606,935.0,0.0,Teniente Juan Domingo Peron 3339/41,28.0,1500000.0,42000000.0,1604.278075,44919.786095999996,,CENTRO-ESTE,20683.6991448,18261663.0839,Teniente Juan Domingo Peron ,3339,BALVANERA,3.0,1198,C1198AAK
VTA,TERRENO,-34.615546,-58.412529000000006,297.0,0.0,Av. Belgrano 3200,28.0,650000.0,18200000.0,2188.552189,61279.461278999996,3.0,CENTRO-ESTE,20683.6991448,18261663.0839,Av. Belgrano ,3200,BALVANERA,3.0,1209,C1209AAQ
VTA,TERRENO,-34.601978100000004,-58.4050659,305.0,305.0,Avenida Pueyrredon 694,28.0,4500000.0,126000000.0,14754.098361000002,413114.754098,,CENTRO-ESTE,20683.6991448,18261663.0839,Avenida Pueyrredon ,694,BALVANERA,3.0,,
VTA,TERRENO,-34.6026076,-58.40900010000001,770.0,379.0,Lavalle 3039,28.0,500000.0,14000000.0,649.350649,18181.818182,,CENTRO-ESTE,20683.6991448,18261663.0839,Lavalle ,3039,BALVANERA,3.0,1190,C1190AAG
VTA,TERRENO,-34.616453,-58.404454,621.0,607.0,av jujuy 563,28.0,1800000.0,50400000.0,2898.550725,81159.42029,,CENTRO-ESTE,20683.6991448,18261663.0839,av jujuy ,563,BALVANERA,3.0,1229,C1229ABA
VTA,TERRENO,-34.619489,-58.4074167,288.0,288.0,independencia 2981,28.0,1200000.0,33600000.0,4166.666667,116666.66666700001,,CENTRO-ESTE,20683.6991448,18261663.0839,independencia ,2981,BALVANERA,3.0,1225,C1225AAL
VTA,TERRENO,-34.615573,-58.397372999999995,368.0,0.0,Venezuela 2100,28.0,570000.0,15960000.0,1548.913043,43369.565217,,CENTRO-ESTE,20683.6991448,18261663.0839,Venezuela ,2100,BALVANERA,3.0,1096,C1096ABJ
VTA,TERRENO,-34.6044531,-58.393860200000006,146.0,0.0,Riobamba 54,28.0,720000.0,20160000.0,4931.506849,138082.191781,,CENTRO-ESTE,20683.6991448,18261663.0839,Riobamba ,54,BALVANERA,3.0,1025,C1025ABB
VTA,TERRENO,-34.618902899999995,-58.411766,10661.0,10661.0,Mexico 3200,28.0,6000000.0,168000000.0,562.798987,15758.371635,,CENTRO-ESTE,20683.6991448,18261663.0839,Mexico ,3200,BALVANERA,3.0,1223,C1223ABN
VTA,TERRENO,-34.606621000000004,-58.413712,328.0,0.0,Gallo 100,28.0,740000.0,20720000.0,2256.097561,63170.731707000006,,CENTRO-ESTE,20683.6991448,18261663.0839,Gallo ,100,BALVANERA,3.0,1172,C1172ABB
VTA,TERRENO,-34.6110344,-58.4104052,845.0,0.0,URQUIZA GRAL. 100,28.0,1180000.0,33040000.0,1396.4497039999999,39100.591716,2.8,CENTRO-ESTE,20683.6991448,18261663.0839,URQUIZA GRAL. ,100,BALVANERA,3.0,1215,C1215ADB
VTA,TERRENO,-34.6093555,-58.376599399999996,621.0,0.0,Hipolito Yrigoyen 700,28.0,1100000.0,30800000.0,1771.336554,49597.42351,,CENTRO-ESTE,20683.6991448,18261663.0839,Hipolito Yrigoyen ,700,MONTSERRAT,1.0,1086,C1086AAJ
VTA,TERRENO,-34.6171521,-58.3915165,760.0,760.0,ENTRE RIOS  AVDA. 700,28.0,1250000.0,35000000.0,1644.736842,46052.631579,,CENTRO-ESTE,20683.6991448,18261663.0839,ENTRE RIOS  AVDA. ,700,MONTSERRAT,1.0,1080,C1080ABN
VTA,TERRENO,-34.617903000000005,-58.38933000000001,456.0,0.0,Av. Independencia 1600,28.0,1100000.0,30800000.0,2412.280702,67543.859649,,CENTRO-ESTE,20683.6991448,18261663.0839,Av. Independencia ,1600,MONTSERRAT,1.0,1100,C1100ABP
VTA,TERRENO,-34.6032679,-58.377548499999996,175.0,0.0,LIBERTAD 100,28.0,600000.0,16800000.0,3428.571429,96000.0,5.0,CENTRO-ESTE,20683.6991448,18261663.0839,LIBERTAD ,100,SAN NICOLAS,1.0,1012,C1012AAB
VTA,TERRENO,-34.605522125976,-58.39149106758099,423.0,0.0,Sarmiento 1700,28.0,875000.0,24500000.0,2068.5579199999997,57919.621749,5.0,CENTRO-ESTE,20683.6991448,18261663.0839,Sarmiento ,1700,SAN NICOLAS,1.0,1042,C1042ABF
VTA,TERRENO,-34.600011200000004,-58.383326000000004,400.0,0.0,SARMIENTO 1600,28.0,1200000.0,33600000.0,3000.0,84000.0,,CENTRO-ESTE,20683.6991448,18261663.0839,SARMIENTO ,1600,SAN NICOLAS,1.0,1042,C1042ABD
VTA,TERRENO,-34.606976815189,-58.387740894257,348.0,0.0,Parana 100,28.0,925000.0,25900000.0,2658.0459769999998,74425.287356,,CENTRO-ESTE,20683.6991448,18261663.0839,Parana ,100,SAN NICOLAS,1.0,1017,C1017AAB
VTA,TERRENO,-34.602620088409,-58.391050030688,221.0,621.0,RODRIGUEZ PEÑA 500,28.0,950000.0,26600000.0,4298.6425340000005,120361.99095,,CENTRO-ESTE,20683.6991448,18261663.0839,RODRIGUEZ PE,500,SAN NICOLAS,1.0,1020,C1020ADJ
VTA,TERRENO,-34.6036844,-58.381559100000004,572.0,0.0,Fortin Melincue 3200,28.0,1650000.0,46200000.0,2884.615385,80769.230769,,CENTRO-ESTE,20683.6991448,18261663.0839,Fortin Melincue ,3200,SAN NICOLAS,1.0,,
VTA,TERRENO,-34.600198,-58.378710399999996,273.0,0.0,Viamonte 800,28.0,2400000.0,67200000.0,8791.208791,246153.846154,,CENTRO-ESTE,20683.6991448,18261663.0839,Viamonte ,800,SAN NICOLAS,1.0,1053,C1053ABP
VTA,TERRENO,-34.6047448,-58.3779814,590.0,1.0,Sarmiento 800,28.0,2690000.0,75320000.0,4559.322034000001,127661.016949,,CENTRO-ESTE,20683.6991448,18261663.0839,Sarmiento ,800,SAN NICOLAS,1.0,1041,C1041AAP
VTA,TERRENO,-34.608588299999994,-58.38441379999999,550.0,0.0,Rivadavia 1200,28.0,980000.0,27440000.0,1781.818182,49890.909091,,CENTRO-ESTE,20683.6991448,18261663.0839,Rivadavia ,1200,SAN NICOLAS,1.0,,
VTA,TERRENO,-34.600489,-58.38631899999999,221.0,0.0,viamonte 700,28.0,1800000.0,50400000.0,8144.79638,228054.298643,5.0,CENTRO-ESTE,20683.6991448,18261663.0839,viamonte ,700,SAN NICOLAS,1.0,1053,C1053ABN
VTA,TERRENO,-34.600378000000006,-58.38798810000001,165.0,0.0,Parana 700  Caba,28.0,1650000.0,46200000.0,10000.0,280000.0,5.0,CENTRO-ESTE,20683.6991448,18261663.0839,Parana ,700,SAN NICOLAS,1.0,1017,C1017AAN
VTA,TERRENO,-34.5607588,-58.481886100000004,250.0,164.0,Pasaje Valderrama 4187,28.0,280000.0,7840000.0,1120.0,31360.0,,NORTE,70758.8594464,47328462.79109999,Pasaje Valderrama ,4187,COGHLAN,12.0,1430,C1430ATC
VTA,TERRENO,-34.56084620000001,-58.48176949999999,217.0,125.0,Pasaje Valderrama 4180,28.0,295000.0,8260000.0,1359.447005,38064.516129,,NORTE,70758.8594464,47328462.79109999,Pasaje Valderrama ,4180,COGHLAN,12.0,1430,C1430ATD
VTA,TERRENO,-34.5576708,-58.4792085,221.0,221.0,Washington,28.0,730000.0,20440000.0,3303.167421,92488.687783,,NORTE,70758.8594464,47328462.79109999,Washington,,COGHLAN,12.0,,
VTA,TERRENO,-34.573873600000006,-58.45240079999999,412.0,0.0,Zapiola 1000,28.0,1350000.0,37800000.0,3276.699029,91747.572816,,NORTE,70758.8594464,47328462.79109999,Zapiola ,1000,COLEGIALES,13.0,1426,C1426ATT
VTA,TERRENO,-34.576524600000006,-58.456984,710.0,1.0,Virrey Loreto 3440/50,28.0,1750000.0,49000000.0,2464.788732,69014.084507,1.6,NORTE,70758.8594464,47328462.79109999,Virrey Loreto ,3440,COLEGIALES,13.0,1426,C1426DYN
VTA,TERRENO,-34.5799154,-58.4505265,213.0,367.0,DELGADO 600,28.0,800000.0,22400000.0,3755.8685450000003,105164.31924900001,,NORTE,70758.8594464,47328462.79109999,DELGADO ,600,COLEGIALES,13.0,1426,C1426BDF
VTA,TERRENO,-34.578879,-58.446656999999995,247.0,0.0,Jorge Newbery 3260,28.0,760000.0,21280000.0,3076.923077,86153.846154,,NORTE,70758.8594464,47328462.79109999,Jorge Newbery ,3260,COLEGIALES,13.0,1426,C1426CYJ
VTA,TERRENO,-34.571149600000005,-58.4232966,339.0,0.0,MANSILLA 3500,28.0,1600000.0,44800000.0,4719.764012,132153.39233,,NORTE,70758.8594464,47328462.79109999,MANSILLA ,3500,PALERMO,14.0,1425,C1425BPT
VTA,TERRENO,-34.5849497,-58.4297726,294.0,294.0,Oro 1900,28.0,650000.0,18200000.0,2210.884354,61904.76190499999,,NORTE,70758.8594464,47328462.79109999,Oro ,1900,PALERMO,14.0,,
VTA,TERRENO,-34.590745416155,-58.41548590237701,818.0,818.0,vidt 1700,28.0,1000000.0,28000000.0,1222.493888,34229.828851,,NORTE,70758.8594464,47328462.79109999,vidt ,1700,PALERMO,14.0,1425,C1425DJB
VTA,TERRENO,-34.5887185,-58.424485600000004,150.0,118.0,Nicaragua Entre Malabia y Armenia,28.0,610000.0,17080000.0,4066.666667,113866.66666700001,,NORTE,70758.8594464,47328462.79109999,Nicaragua Entre Malabia y Armenia,,PALERMO,14.0,,
VTA,TERRENO,-34.5722174,-58.42152579999999,220.0,0.0,Libertador 3700,28.0,5000000.0,140000000.0,22727.272727,636363.636364,,NORTE,70758.8594464,47328462.79109999,Libertador ,3700,PALERMO,14.0,1425,C1425ABW
VTA,TERRENO,-34.5874271,-58.4156569,189.0,0.0,Guemes 4200,28.0,1100000.0,30800000.0,5820.105820000001,162962.962963,,NORTE,70758.8594464,47328462.79109999,Guemes ,4200,PALERMO,14.0,1425,C1425BKZ
VTA,TERRENO,-34.5960599,-58.419758200000004,259.0,0.0,MEDRANO 1100,28.0,520000.0,14560000.0,2007.7220079999997,56216.21621599999,,NORTE,70758.8594464,47328462.79109999,MEDRANO ,1100,PALERMO,14.0,1179,C1179AAT
VTA,TERRENO,-34.583420600000004,-58.42807979999999,95.0,0.0,Guatemala y Godoy Cruz,28.0,795000.0,22260000.0,8368.421053,234315.789474,,NORTE,70758.8594464,47328462.79109999,Guatemala y Godoy Cruz,,PALERMO,14.0,,
VTA,TERRENO,-34.5756499,-58.439315,580.0,0.0,Ciudad de la Paz 100,28.0,2400000.0,67200000.0,4137.931034,115862.068966,,NORTE,70758.8594464,47328462.79109999,Ciudad de la Paz ,100,PALERMO,14.0,1426,C1426AFB
VTA,TERRENO,-34.5855214,-58.4430628,253.0,253.0,Cordoba,28.0,1000000.0,28000000.0,3952.56917,110671.93675899999,3.5,NORTE,70758.8594464,47328462.79109999,Cordoba,,PALERMO,14.0,,
VTA,TERRENO,-34.596468200000004,-58.42453689999999,739.0,410.0,Palestina 1100,28.0,1300000.0,36400000.0,1759.1339649999998,49255.751014999994,,NORTE,70758.8594464,47328462.79109999,Palestina ,1100,PALERMO,14.0,1182,C1182ADL
VTA,TERRENO,-34.5853891,-58.43115649999999,200.0,350.0,Costa Rica y Godoy Cruz,28.0,790000.0,22120000.0,3950.0,110600.0,,NORTE,70758.8594464,47328462.79109999,Costa Rica y Godoy Cruz,,PALERMO,14.0,,
VTA,TERRENO,-34.5883752,-58.424715799999994,97.0,0.0,NICARAGUA 4500,28.0,719000.0,20132000.0,7412.371134,207546.391753,,NORTE,70758.8594464,47328462.79109999,NICARAGUA ,4500,PALERMO,14.0,1414,C1414BVD
VTA,TERRENO,-34.5766197,-58.4240468,530.0,0.0,Juncal 4600,28.0,3500000.0,98000000.0,6603.773585,184905.660377,,NORTE,70758.8594464,47328462.79109999,Juncal ,4600,PALERMO,14.0,1425,C1425BAD
VTA,TERRENO,-34.5781984,-58.39909300000001,262.0,0.0,Castilla 3000,28.0,3200000.0,89600000.0,12213.740458,341984.732824,,NORTE,70758.8594464,47328462.79109999,Castilla ,3000,PALERMO,14.0,1425,C1425DZF
VTA,TERRENO,-34.57207929999999,-58.432676799999996,456.0,908.0,Chenaut y Arce,28.0,2980000.0,83440000.0,6535.087719,182982.45614000002,,NORTE,70758.8594464,47328462.79109999,Chenaut y Arce,,PALERMO,14.0,,
VTA,TERRENO,-34.57495120000001,-58.438262699999996,258.0,0.0,Concepcion Arenal 2400,28.0,1100000.0,30800000.0,4263.565890999999,119379.844961,,NORTE,70758.8594464,47328462.79109999,Concepcion Arenal ,2400,PALERMO,14.0,1426,C1426DFB
VTA,TERRENO,-34.578707,-58.404240599999994,352.0,352.0,Castex y San M. de Tours,28.0,1600000.0,44800000.0,4545.4545450000005,127272.727273,,NORTE,70758.8594464,47328462.79109999,Castex y San M. de Tours,,PALERMO,14.0,,
VTA,TERRENO,-34.5964339,-58.419078799999994,202.0,0.0,JOSE ANTONIO CABRERA 3700,28.0,445000.0,12460000.0,2202.970297,61683.168316999996,1.6,NORTE,70758.8594464,47328462.79109999,JOSE ANTONIO CABRERA ,3700,PALERMO,14.0,1186,C1186AAR
VTA,TERRENO,-34.590828,-58.422359,194.0,0.0,Gascón entre Aráoz y Costa Rica,28.0,550000.0,15400000.0,2835.051546,79381.443299,,NORTE,70758.8594464,47328462.79109999,Gascón entre Aráoz y Costa Rica,,PALERMO,14.0,,
VTA,TERRENO,-34.571149600000005,-58.4232966,205.0,0.0,Scalabrini Ortiz 2000,28.0,1300000.0,36400000.0,6341.463415,177560.97561,,NORTE,70758.8594464,47328462.79109999,Scalabrini Ortiz ,2000,PALERMO,14.0,1425,C1425DBN
VTA,TERRENO,-34.576174409052,-58.438622919574,752.0,0.0,Ciudad de la Paz 100,28.0,3400000.0,95200000.0,4521.276596,126595.744681,,NORTE,70758.8594464,47328462.79109999,Ciudad de la Paz ,100,PALERMO,14.0,1426,C1426AFB
VTA,TERRENO,-34.580172999999995,-58.430019200000004,420.0,0.0,Paraguay 5100,28.0,2000000.0,56000000.0,4761.904762,133333.333333,3.5,NORTE,70758.8594464,47328462.79109999,Paraguay ,5100,PALERMO,14.0,1425,C1425BTD
VTA,TERRENO,-34.57119470000001,-58.434939899999996,378.0,0.0,Luis Maria Campos 600,28.0,2700000.0,75600000.0,7142.857143000001,200000.0,,NORTE,70758.8594464,47328462.79109999,Luis Maria Campos ,600,PALERMO,14.0,1426,C1426BOQ
VTA,TERRENO,-34.5807268,-58.421453799999995,519.0,0.0,Thames y Santa Fe,28.0,1200000.0,33600000.0,2312.138728,64739.88439299999,,NORTE,70758.8594464,47328462.79109999,Thames y Santa Fe,,PALERMO,14.0,,
VTA,TERRENO,-34.564401000000004,-58.4451375,204.0,0.0,Arribeños 1400,28.0,1300000.0,36400000.0,6372.54902,178431.372549,,NORTE,70758.8594464,47328462.79109999,Arribeños ,1400,BELGRANO,13.0,1426,C1426BLD
VTA,TERRENO,-34.5551229,-58.454911800000005,300.0,300.0,TUNEZ,28.0,1150000.0,32200000.0,3833.333333,107333.333333,,NORTE,70758.8594464,47328462.79109999,TUNEZ,,BELGRANO,13.0,,
VTA,TERRENO,-34.557177,-58.443562,185.0,0.0,Sucre 1200,28.0,600000.0,16800000.0,3243.243243,90810.810811,,NORTE,70758.8594464,47328462.79109999,Sucre ,1200,BELGRANO,13.0,1428,C1428DUL
VTA,TERRENO,-34.560435999999996,-58.4666438,280.0,0.0,Conesa 2600,28.0,950000.0,26600000.0,3392.857143,95000.0,,NORTE,70758.8594464,47328462.79109999,Conesa ,2600,BELGRANO,13.0,1428,C1428CUP
VTA,TERRENO,-34.551128000000006,-58.445873600000006,767.0,0.0,Aranguren y Espinosa,28.0,1800000.0,50400000.0,2346.805737,65710.560626,,NORTE,70758.8594464,47328462.79109999,Aranguren y Espinosa,,BELGRANO,13.0,,
VTA,TERRENO,-34.557177,-58.44356260000001,186.0,0.0,Sucre 1200,28.0,600000.0,16800000.0,3225.806452,90322.58064500001,,NORTE,70758.8594464,47328462.79109999,Sucre ,1200,BELGRANO,13.0,1428,C1428DUL
VTA,TERRENO,-34.5584024,-58.463989100000006,961.0,0.0,Moldes 2700,28.0,6100000.0,170800000.0,6347.554631,177731.529657,,NORTE,70758.8594464,47328462.79109999,Moldes ,2700,BELGRANO,13.0,1428,C1428CRR
VTA,TERRENO,-34.5670635,-58.457930700000006,650.0,650.0,Vidal 1800,28.0,998000.0,27944000.0,1535.384615,42990.769231,,NORTE,70758.8594464,47328462.79109999,Vidal ,1800,BELGRANO,13.0,1426,C1426AMH
VTA,TERRENO,-34.563576899999994,-58.45473739999999,318.0,0.0,Sucre 2200,28.0,2400000.0,67200000.0,7547.169811,211320.754717,,NORTE,70758.8594464,47328462.79109999,Sucre ,2200,BELGRANO,13.0,1428,C1428DVL
VTA,TERRENO,-34.56408302408,-58.467441387836,349.0,241.0,Blanco Encalada 3200,28.0,730000.0,20440000.0,2091.690544,58567.33524400001,,NORTE,70758.8594464,47328462.79109999,Blanco Encalada ,3200,BELGRANO,13.0,1428,C1428DEB
VTA,TERRENO,-34.551128000000006,-58.445873600000006,169.0,0.0,Suipacha y Diagonal Norte,28.0,1150000.0,32200000.0,6804.733728,190532.544379,,NORTE,70758.8594464,47328462.79109999,Suipacha y Diagonal Norte,,BELGRANO,13.0,,
VTA,TERRENO,-34.561510101905,-58.462919853751,168.0,0.0,BLANCO ENCALADA Y VIDAL 100,28.0,1200000.0,33600000.0,7142.857143000001,200000.0,,NORTE,70758.8594464,47328462.79109999,BLANCO ENCALADA Y VIDAL ,100,BELGRANO,13.0,,
VTA,TERRENO,-34.591544,-58.396124,160.0,0.0,Peña 2100,28.0,600000.0,16800000.0,3750.0,105000.0,,NORTE,70758.8594464,47328462.79109999,Peña ,2100,RECOLETA,2.0,,
VTA,TERRENO,-34.597466499999996,-58.411843000000005,305.0,0.0,GALLO 1000,28.0,1400000.0,39200000.0,4590.163934,128524.59016400001,4.16,NORTE,70758.8594464,47328462.79109999,GALLO ,1000,RECOLETA,2.0,1172,C1172ABT
VTA,TERRENO,-34.59463710000001,-58.40879770000001,570.0,0.0,Mansilla 3000,28.0,2860000.0,80080000.0,5017.54386,140491.22807,,NORTE,70758.8594464,47328462.79109999,Mansilla ,3000,RECOLETA,2.0,1425,C1425BPJ
VTA,TERRENO,-34.5977045,-58.410430000000005,141.0,0.0,AGUERO 1000,28.0,850000.0,23800000.0,6028.368794,168794.326241,,NORTE,70758.8594464,47328462.79109999,AGUERO ,1000,RECOLETA,2.0,1171,C1171ABP
VTA,TERRENO,-34.583940399999996,-58.4011624,178.0,0.0,Av. Las Heras 2800,28.0,2600000.0,72800000.0,14606.741573,408988.76404499996,,NORTE,70758.8594464,47328462.79109999,Av. Las Heras ,2800,RECOLETA,2.0,1425,C1425ASR
VTA,TERRENO,-34.596583,-58.41131600000001,379.0,0.0,Soler y Gallo,28.0,690000.0,19320000.0,1820.580475,50976.253298,,NORTE,70758.8594464,47328462.79109999,Soler y Gallo,,RECOLETA,2.0,,
VTA,TERRENO,-34.542925,-58.464815,375.0,0.0,3 de febrero 4000,28.0,850000.0,23800000.0,2266.666667,63466.666667,,NORTE,70758.8594464,47328462.79109999, de febrero ,4000,NUÃ‘EZ,13.0,1429,C1429BFX
VTA,TERRENO,-34.5560243,-58.4685777,174.0,190.0,Cramer 3087,28.0,460000.0,12880000.0,2643.678161,74022.988506,1.6,NORTE,70758.8594464,47328462.79109999,Cramer ,3087,NUÃ‘EZ,13.0,1429,C1429AJC
VTA,TERRENO,-34.586189700000006,-58.4454369,329.0,400.0,Av. Dorrego 1332,28.0,600000.0,16800000.0,1823.7082070000001,51063.829787,1.6,CENTRO-OESTE,42360.6889647,49097127.8661,Av. Dorrego ,1332,CHACARITA,15.0,1414,C1414CKV
VTA,TERRENO,-34.583768299999996,-58.449136800000005,260.0,260.0,j newbery 3600,28.0,580000.0,16240000.0,2230.7692309999998,62461.538462000004,,CENTRO-OESTE,42360.6889647,49097127.8661,j newbery ,3600,CHACARITA,15.0,1427,C1427EGO
VTA,TERRENO,-34.5863459,-58.4518233,188.0,167.0,Guevara 500,28.0,550000.0,15400000.0,2925.531915,81914.893617,,CENTRO-OESTE,42360.6889647,49097127.8661,Guevara ,500,CHACARITA,15.0,1427,C1427BRJ
VTA,TERRENO,-34.586135799999994,-58.45267270000001,752.0,0.0,Guevara 500,28.0,550000.0,15400000.0,731.382979,20478.723404,4.9,CENTRO-OESTE,42360.6889647,49097127.8661,Guevara ,500,CHACARITA,15.0,1427,C1427BRJ
VTA,TERRENO,-34.589677200000004,-58.446644400000004,247.0,0.0,LEMOS 100,28.0,720000.0,20160000.0,2914.979757,81619.433198,,CENTRO-OESTE,42360.6889647,49097127.8661,LEMOS ,100,CHACARITA,15.0,1427,C1427BQB
VTA,TERRENO,-34.589677200000004,-58.446644400000004,247.0,0.0,LEMOS 100,28.0,710000.0,19880000.0,2874.493927,80485.82996,,CENTRO-OESTE,42360.6889647,49097127.8661,LEMOS ,100,CHACARITA,15.0,1427,C1427BQB
VTA,TERRENO,-34.584007988498996,-58.454735948193,190.0,190.0,Teodoro Garcáa 3900,28.0,295000.0,8260000.0,1552.6315789999999,43473.684211,,CENTRO-OESTE,42360.6889647,49097127.8661,Teodoro Garcáa ,3900,CHACARITA,15.0,,
VTA,TERRENO,-34.591982,-58.447093,405.0,0.0,CORRIENTES 6100,28.0,1800000.0,50400000.0,4444.444444,124444.44444400001,,CENTRO-OESTE,42360.6889647,49097127.8661,CORRIENTES ,6100,CHACARITA,15.0,1414,C1414AKN
VTA,TERRENO,-34.601718299999995,-58.464624,379.0,0.0,Espinosa 2300,28.0,600000.0,16800000.0,1583.113456,44327.176781,5.0,CENTRO-OESTE,42360.6889647,49097127.8661,Espinosa ,2300,PATERNAL,15.0,1416,C1416CEX
VTA,TERRENO,-34.596150099999996,-58.467706400000004,353.0,353.0,WARNES   2235,28.0,295000.0,8260000.0,835.694051,23399.433428,,CENTRO-OESTE,42360.6889647,49097127.8661,WARNES   ,2235,PATERNAL,15.0,1427,C1427DPB
VTA,TERRENO,-34.5975805,-58.457920900000005,407.0,407.0,FRAGATA PRESIDENTE SARMIENTO 2461,28.0,390000.0,10920000.0,958.230958,26830.46683,,CENTRO-OESTE,42360.6889647,49097127.8661,FRAGATA PRESIDENTE SARMIENTO ,2461,PATERNAL,15.0,1416,C1416CCA
VTA,TERRENO,-34.5879679,-58.4702939,134.0,0.0,CHORROARIN 900,28.0,370000.0,10360000.0,2761.19403,77313.432836,4.0,CENTRO-OESTE,42360.6889647,49097127.8661,CHORROARIN ,900,PATERNAL,15.0,1427,C1427CXS
VTA,TERRENO,-34.600883,-58.468095,541.0,0.0,Espinosa y Alvarez Jonte,28.0,530000.0,14840000.0,979.667283,27430.683919,,CENTRO-OESTE,42360.6889647,49097127.8661,Espinosa y Alvarez Jonte,,PATERNAL,15.0,,
VTA,TERRENO,-34.599812,-58.46970699999999,251.0,0.0,12 de Octubre 1600,28.0,350000.0,9800000.0,1394.422311,39043.824701,,CENTRO-OESTE,42360.6889647,49097127.8661, de Octubre ,12,PATERNAL,15.0,,
VTA,TERRENO,-34.595087299999996,-58.43140089999999,400.0,0.0,lerma 400,28.0,670000.0,18760000.0,1675.0,46900.0,2.0,CENTRO-OESTE,42360.6889647,49097127.8661,lerma ,400,VILLA CRESPO,15.0,1414,C1414AZH
VTA,TERRENO,-34.600807200000006,-58.445053200000004,215.0,0.0,GURRUCHAGA 100,28.0,340000.0,9520000.0,1581.3953490000001,44279.069767,,CENTRO-OESTE,42360.6889647,49097127.8661,GURRUCHAGA ,100,VILLA CRESPO,15.0,1414,C1414DHB
VTA,TERRENO,-34.5953094,-58.44397779999999,165.0,0.0,JUSTO JUAN B 2600,28.0,600000.0,16800000.0,3636.363636,101818.181818,,CENTRO-OESTE,42360.6889647,49097127.8661,JUSTO JUAN B ,2600,VILLA CRESPO,15.0,1414,C1414CXO
VTA,TERRENO,-34.6006407,-58.432695700000004,89.0,0.0,AGUIRRE 100,28.0,365000.0,10220000.0,4101.123596,114831.460674,,CENTRO-OESTE,42360.6889647,49097127.8661,AGUIRRE ,100,VILLA CRESPO,15.0,1414,C1414ASB
VTA,TERRENO,-34.60035433,-58.431267000000005,351.0,0.0,LOYOLA 100,28.0,950000.0,26600000.0,2706.552707,75783.475783,,CENTRO-OESTE,42360.6889647,49097127.8661,LOYOLA ,100,VILLA CRESPO,15.0,1414,C1414AUB
VTA,TERRENO,-34.6010015,-58.4531045,528.0,0.0,JUSTO JUAN B 3400,28.0,1750000.0,49000000.0,3314.393939,92803.03030299999,,CENTRO-OESTE,42360.6889647,49097127.8661,JUSTO JUAN B ,3400,VILLA CRESPO,15.0,1416,C1416DJN
VTA,TERRENO,-34.6030032,-58.455195200000006,174.0,0.0,JUSTO JUAN B 3600,28.0,330000.0,9240000.0,1896.551724,53103.448275999996,,CENTRO-OESTE,42360.6889647,49097127.8661,JUSTO JUAN B ,3600,VILLA CRESPO,15.0,1416,C1416DJP
VTA,TERRENO,-34.597803799999994,-58.450035899999996,273.0,0.0,DARWIN 100,28.0,530000.0,14840000.0,1941.391941,54358.974359,3.46,CENTRO-OESTE,42360.6889647,49097127.8661,DARWIN ,100,VILLA CRESPO,15.0,1414,C1414CUB
VTA,TERRENO,-34.5970273,-58.4505302,367.0,0.0,HUMBOLDT 100,28.0,649000.0,18172000.0,1768.3923710000001,49514.986376,,CENTRO-OESTE,42360.6889647,49097127.8661,HUMBOLDT ,100,VILLA CRESPO,15.0,1414,C1414CSB
VTA,TERRENO,-34.5901897,-58.44122170000001,614.0,0.0,Loyola 1200,28.0,700000.0,19600000.0,1140.065147,31921.824104000003,,CENTRO-OESTE,42360.6889647,49097127.8661,Loyola ,1200,VILLA CRESPO,15.0,1414,C1414AUX
VTA,TERRENO,-34.590721200000004,-58.4420431,570.0,570.0,Aguirre 1200,28.0,690000.0,19320000.0,1210.526316,33894.736842,,CENTRO-OESTE,42360.6889647,49097127.8661,Aguirre ,1200,VILLA CRESPO,15.0,1414,C1414ASX
VTA,TERRENO,-34.600747999999996,-58.4518476,220.0,0.0,Honorio Pueyrredon 1850,28.0,1100000.0,30800000.0,5000.0,140000.0,,CENTRO-OESTE,42360.6889647,49097127.8661,Honorio Pueyrredon ,1850,VILLA CRESPO,15.0,1414,C1414CEU
VTA,TERRENO,-34.596448200000005,-58.450044299999995,164.0,0.0,HUMBOLDT 200,28.0,270000.0,7560000.0,1646.341463,46097.560976,,CENTRO-OESTE,42360.6889647,49097127.8661,HUMBOLDT ,200,VILLA CRESPO,15.0,1414,C1414CSD
VTA,TERRENO,-34.592622,-58.446526,476.0,0.0,CORRIENTES 6100,28.0,1450000.0,40600000.0,3046.218487,85294.117647,4.0,CENTRO-OESTE,42360.6889647,49097127.8661,CORRIENTES ,6100,VILLA CRESPO,15.0,1414,C1414AKN
VTA,TERRENO,-34.597434,-58.4470775,167.0,0.0,JUSTO JUAN B 2800,28.0,360000.0,10080000.0,2155.688623,60359.281437,,CENTRO-OESTE,42360.6889647,49097127.8661,JUSTO JUAN B ,2800,VILLA CRESPO,15.0,1414,C1414CXQ
VTA,TERRENO,-34.5928775,-58.4453885,381.0,0.0,HUMBOLDT 600,28.0,928000.0,25984000.0,2435.695538,68199.475066,,CENTRO-OESTE,42360.6889647,49097127.8661,HUMBOLDT ,600,VILLA CRESPO,15.0,1414,C1414CSL
VTA,TERRENO,-34.595904100000006,-58.4512575,187.0,0.0,Fitz roy 200,28.0,330000.0,9240000.0,1764.705882,49411.764706,,CENTRO-OESTE,42360.6889647,49097127.8661,Fitz roy ,200,VILLA CRESPO,15.0,1414,C1414CGD
VTA,TERRENO,-34.5988996,-58.441758400000005,128.0,0.0,Acevedo,28.0,800000.0,22400000.0,6250.0,175000.0,2.5,CENTRO-OESTE,42360.6889647,49097127.8661,Acevedo,,VILLA CRESPO,15.0,,
VTA,TERRENO,-34.5967315,-58.4485744,198.0,0.0,DARWIN 200,28.0,450000.0,12600000.0,2272.727273,63636.363636,3.46,CENTRO-OESTE,42360.6889647,49097127.8661,DARWIN ,200,VILLA CRESPO,15.0,1414,C1414CUD
VTA,TERRENO,-34.602289,-58.453277,330.0,257.0,Remedios Escalada de San Martin 700,28.0,550000.0,15400000.0,1666.666667,46666.666667000005,3.0,CENTRO-OESTE,42360.6889647,49097127.8661,Remedios Escalada de San Martin ,700,VILLA CRESPO,15.0,1416,C1416CVD
VTA,TERRENO,-34.589929331479,-58.439926295892,112.0,0.0,Darwin 1100,28.0,285000.0,7980000.0,2544.642857,71250.0,1.6,CENTRO-OESTE,42360.6889647,49097127.8661,Darwin ,1100,VILLA CRESPO,15.0,1414,C1414CUV
VTA,TERRENO,-34.5934766,-58.4380248,533.0,533.0,Serrano 900,28.0,995000.0,27860000.0,1866.791745,52270.168856000004,,CENTRO-OESTE,42360.6889647,49097127.8661,Serrano ,900,VILLA CRESPO,15.0,1414,C1414DER
VTA,TERRENO,-34.604469,-58.458314,128.0,0.0,PaysandÃƒÂº 1800,28.0,420000.0,11760000.0,3281.25,91875.0,,CENTRO-OESTE,42360.6889647,49097127.8661,Paysand,1800,VILLA CRESPO,15.0,1416,C1416CDN
VTA,TERRENO,-34.6022521,-58.4344461,205.0,0.0,VERA 100,28.0,800000.0,22400000.0,3902.4390240000002,109268.29268299999,3.46,CENTRO-OESTE,42360.6889647,49097127.8661,VERA ,100,VILLA CRESPO,15.0,1414,C1414AOB
VTA,TERRENO,-34.596908,-58.4418522,203.0,0.0,CORRIENTES 5500,28.0,850000.0,23800000.0,4187.192118,117241.37930999999,4.0,CENTRO-OESTE,42360.6889647,49097127.8661,CORRIENTES ,5500,VILLA CRESPO,15.0,1414,C1414AJU
VTA,TERRENO,-34.60266370000001,-58.4370162,200.0,0.0,LAVALLEJA 100,28.0,960000.0,26880000.0,4800.0,134400.0,,CENTRO-OESTE,42360.6889647,49097127.8661,LAVALLEJA ,100,VILLA CRESPO,15.0,1414,C1414DTB
VTA,TERRENO,-34.596865,-58.449105,374.0,0.0,DARWIN 200,28.0,800000.0,22400000.0,2139.037433,59893.048127999995,,CENTRO-OESTE,42360.6889647,49097127.8661,DARWIN ,200,VILLA CRESPO,15.0,1414,C1414CUD
VTA,TERRENO,-34.6063161,-58.491110899999995,176.0,0.0,CUENCA 2500,28.0,485000.0,13580000.0,2755.681818,77159.090909,,CENTRO-OESTE,42360.6889647,49097127.8661,CUENCA ,2500,VILLA DEL PARQUE,11.0,1417,C1417AAF
VTA,TERRENO,-34.6057934,-58.4886936,212.0,0.0,Pasaje la Espiga 2900,28.0,265000.0,7420000.0,1250.0,35000.0,,CENTRO-OESTE,42360.6889647,49097127.8661,Pasaje la Espiga ,2900,VILLA DEL PARQUE,11.0,,
VTA,TERRENO,-34.609100700000006,-58.4852294,210.0,0.0,Dr. C. Argerich 2300,28.0,550000.0,15400000.0,2619.047619,73333.333333,,CENTRO-OESTE,42360.6889647,49097127.8661,Dr. C. Argerich ,2300,VILLA DEL PARQUE,11.0,,
VTA,TERRENO,-34.609100700000006,-58.4852294,210.0,0.0,DR. C. ARGERICH 2300,28.0,550000.0,15400000.0,2619.047619,73333.333333,,CENTRO-OESTE,42360.6889647,49097127.8661,DR. C. ARGERICH ,2300,VILLA DEL PARQUE,11.0,,
VTA,TERRENO,-34.60524470000001,-58.4755585,148.0,148.0,CARACAS 2300,28.0,275000.0,7700000.0,1858.108108,52027.027027,,CENTRO-OESTE,42360.6889647,49097127.8661,CARACAS ,2300,VILLA DEL PARQUE,11.0,1416,C1416AIV
VTA,TERRENO,-34.6042439,-58.475277600000005,200.0,0.0,BIARRITZ 2200,28.0,320000.0,8960000.0,1600.0,44800.0,,CENTRO-OESTE,42360.6889647,49097127.8661,BIARRITZ ,2200,VILLA DEL PARQUE,11.0,1416,C1416EZH
VTA,TERRENO,-34.6276476,-58.4403093,288.0,0.0,Junin 400,28.0,1500000.0,42000000.0,5208.333333,145833.333333,,CENTRO-OESTE,42360.6889647,49097127.8661,Junin ,400,CABALLITO,6.0,1026,C1026ABH
VTA,TERRENO,-34.615823799999994,-58.4333203,979.0,0.0,AV. LACARRA 100,28.0,1200000.0,33600000.0,1225.740552,34320.735444,3.37,CENTRO-OESTE,42360.6889647,49097127.8661,AV. LACARRA ,100,CABALLITO,6.0,1407,C1407JQB
VTA,TERRENO,-34.603463399999995,-58.4328514,310.0,0.0,RIO DE JANEIRO 1000,28.0,980000.0,27440000.0,3161.290323,88516.12903200001,,CENTRO-OESTE,42360.6889647,49097127.8661,RIO DE JANEIRO ,1000,CABALLITO,6.0,1405,C1405CCP
VTA,TERRENO,-34.607631299999994,-58.431794700000005,240.0,240.0,Estivao 100,28.0,580000.0,16240000.0,2416.666667,67666.666667,,CENTRO-OESTE,42360.6889647,49097127.8661,Estivao ,100,CABALLITO,6.0,1405,C1405CXB
VTA,TERRENO,-34.623773,-58.427899,258.0,0.0,Valle y Av La Plata,28.0,1200000.0,33600000.0,4651.162791,130232.55814000001,,CENTRO-OESTE,42360.6889647,49097127.8661,Valle y Av La Plata,,CABALLITO,6.0,,
VTA,TERRENO,-34.6120885,-58.4556405,790.0,0.0,Av. Gaona 1900,28.0,2500000.0,70000000.0,3164.556962,88607.594937,,CENTRO-OESTE,42360.6889647,49097127.8661,Av. Gaona ,1900,CABALLITO,6.0,1416,C1416DRT
VTA,TERRENO,-34.610024510643,-58.44693596693401,320.0,300.0,Franklin 900,28.0,450000.0,12600000.0,1406.25,39375.0,,CENTRO-OESTE,42360.6889647,49097127.8661,Franklin ,900,CABALLITO,6.0,1405,C1405DEJ
VTA,TERRENO,-34.6179057,-58.4466838,232.0,803.0,GAINZA  MARTIN 300,28.0,750000.0,21000000.0,3232.758621,90517.241379,,CENTRO-OESTE,42360.6889647,49097127.8661,GAINZA  MARTIN ,300,CABALLITO,6.0,1405,C1405AKD
VTA,TERRENO,-34.6082851,-58.4476248,433.0,0.0,GAONA  AVDA. 1300,28.0,1200000.0,33600000.0,2771.362587,77598.152425,,CENTRO-OESTE,42360.6889647,49097127.8661,GAONA  AVDA. ,1300,CABALLITO,6.0,1416,C1416DRN
VTA,TERRENO,-34.610033200000004,-58.4475218,296.0,272.0,FRANKLIN 957,28.0,450000.0,12600000.0,1520.27027,42567.567568,,CENTRO-OESTE,42360.6889647,49097127.8661,FRANKLIN ,957,CABALLITO,6.0,1405,C1405DEK
VTA,TERRENO,-34.6079114,-58.4616557,198.0,180.0,Sor Juana Ines  1600,28.0,278000.0,7784000.0,1404.0404039999999,39313.131313,,CENTRO-OESTE,42360.6889647,49097127.8661,Sor Juana Ines  ,1600,CABALLITO,6.0,1416,C1416BWF
VTA,TERRENO,-34.6108576,-58.4432476,73.0,73.0,Honorio Pueyrredon 808,28.0,738000.0,20664000.0,10109.589041,283068.493151,,CENTRO-OESTE,42360.6889647,49097127.8661,Honorio Pueyrredon ,808,CABALLITO,6.0,1405,C1405BAS
VTA,TERRENO,-34.618356830635,-58.429216339148,696.0,696.0,Rosario 100,28.0,3800000.0,106400000.0,5459.770115,152873.563218,,CENTRO-OESTE,42360.6889647,49097127.8661,Rosario ,100,CABALLITO,6.0,1424,C1424CCB
VTA,TERRENO,-34.612309499999995,-58.4466262,340.0,250.0,Gral Martin de Gainza 800,28.0,410000.0,11480000.0,1205.882353,33764.705882,,CENTRO-OESTE,42360.6889647,49097127.8661,Gral Martin de Gainza ,800,CABALLITO,6.0,1405,C1405AKN
VTA,TERRENO,-34.6146331,-58.4459428,164.0,0.0,Mendez de Andes 800,28.0,290000.0,8120000.0,1768.292683,49512.195122000005,,CENTRO-OESTE,42360.6889647,49097127.8661,Mendez de Andes ,800,CABALLITO,6.0,1405,C1405CVH
VTA,TERRENO,-34.603463399999995,-58.4328514,548.0,0.0,RIO DE JANEIRO 1000,28.0,1820000.0,50960000.0,3321.1678829999996,92992.70073,,CENTRO-OESTE,42360.6889647,49097127.8661,RIO DE JANEIRO ,1000,CABALLITO,6.0,1405,C1405CCP
VTA,TERRENO,-34.6065695,-58.439671700000005,225.0,0.0,ANTONIO MACHADO 500,28.0,380000.0,10640000.0,1688.888889,47288.888889,,CENTRO-OESTE,42360.6889647,49097127.8661,ANTONIO MACHADO ,500,CABALLITO,6.0,,
VTA,TERRENO,-34.6255149,-58.4504216,399.0,1.0,RAMON FALCON 1500,28.0,1100000.0,30800000.0,2756.892231,77192.982456,,CENTRO-OESTE,42360.6889647,49097127.8661,RAMON FALCON ,1500,CABALLITO,6.0,1406,C1406GND
VTA,TERRENO,-34.6098722,-58.4540297,270.0,213.0,Apolinario Figueroa 1100,28.0,360000.0,10080000.0,1333.333333,37333.333332999995,1.6,CENTRO-OESTE,42360.6889647,49097127.8661,Apolinario Figueroa ,1100,CABALLITO,6.0,1416,C1416DPL
VTA,TERRENO,-34.6088829,-58.44291460000001,306.0,306.0,Valentin Virasolo 965,28.0,980000.0,27440000.0,3202.614379,89673.202614,,CENTRO-OESTE,42360.6889647,49097127.8661,Valentin Virasolo ,965,CABALLITO,6.0,,
VTA,TERRENO,-34.6080032,-58.441477799999994,144.0,0.0,HIDALGO 900,28.0,360000.0,10080000.0,2500.0,70000.0,3.46,CENTRO-OESTE,42360.6889647,49097127.8661,HIDALGO ,900,CABALLITO,6.0,1405,C1405BCN
VTA,TERRENO,-34.6118091,-58.449112,319.0,0.0,Planes 1100,28.0,390000.0,10920000.0,1222.570533,34231.974922,,CENTRO-OESTE,42360.6889647,49097127.8661,Planes ,1100,CABALLITO,6.0,1405,C1405DBJ
VTA,TERRENO,-34.6077679,-58.4447299,266.0,0.0,DIAZ VELEZ 5500,28.0,970000.0,27160000.0,3646.6165409999994,102105.263158,,CENTRO-OESTE,42360.6889647,49097127.8661,DIAZ VELEZ ,5500,CABALLITO,6.0,1405,C1405DCW
VTA,TERRENO,-34.5561202,-58.4904588,350.0,200.0,PAROISSIEN 4600,28.0,525000.0,14700000.0,1500.0,42000.0,,CENTRO-OESTE,42360.6889647,49097127.8661,PAROISSIEN ,4600,SAAVEDRA,12.0,1430,C1430CDF
VTA,TERRENO,-34.5534579,-58.4949801,187.0,0.0,Miller 4400,28.0,250000.0,7000000.0,1336.898396,37433.155080000004,1.6,CENTRO-OESTE,42360.6889647,49097127.8661,Miller ,4400,SAAVEDRA,12.0,1430,C1430EAD
VTA,TERRENO,-34.5477323,-58.4773094,225.0,0.0,Zapiola 4100,28.0,395000.0,11060000.0,1755.5555559999998,49155.555556,1.6,CENTRO-OESTE,42360.6889647,49097127.8661,Zapiola ,4100,SAAVEDRA,12.0,1429,C1429ANZ
VTA,TERRENO,-34.564458337994,-58.504597337573,476.0,110.0,ALBERTO WILLIAMS 6000,28.0,580000.0,16240000.0,1218.4873949999999,34117.647058999995,1.0,CENTRO-OESTE,42360.6889647,49097127.8661,ALBERTO WILLIAMS ,6000,SAAVEDRA,12.0,1431,C1431BHH
VTA,TERRENO,-34.553539,-58.4949243,260.0,100.0,Miller 4400,28.0,370000.0,10360000.0,1423.076923,39846.153846,1.6,CENTRO-OESTE,42360.6889647,49097127.8661,Miller ,4400,SAAVEDRA,12.0,1430,C1430EAD
VTA,TERRENO,-34.5503315,-58.49718420000001,200.0,143.0,Miller 4800,28.0,210000.0,5880000.0,1050.0,29400.0,1.6,CENTRO-OESTE,42360.6889647,49097127.8661,Miller ,4800,SAAVEDRA,12.0,1430,C1430EAL
VTA,TERRENO,-34.5511303,-58.495183700000005,352.0,166.0,Deheza,28.0,480000.0,13440000.0,1363.636364,38181.818182,1.6,CENTRO-OESTE,42360.6889647,49097127.8661,Deheza,,SAAVEDRA,12.0,,
VTA,TERRENO,-34.54783079999999,-58.477199899999995,337.0,0.0,Zapiola 4161,28.0,470000.0,13160000.0,1394.6587539999998,39050.445104,1.6,CENTRO-OESTE,42360.6889647,49097127.8661,Zapiola ,4161,SAAVEDRA,12.0,1429,C1429AOA
VTA,TERRENO,-34.5754481,-58.490559700000006,670.0,670.0,ROOSEVELT &amp; ANDONAEGUI,28.0,900000.0,25200000.0,1343.283582,37611.940299,,CENTRO-OESTE,42360.6889647,49097127.8661,ROOSEVELT ,,VILLA URQUIZA,12.0,,
VTA,TERRENO,-34.561606700000006,-58.482005099999995,165.0,132.0,Plaza 3300,28.0,275000.0,7700000.0,1666.666667,46666.666667000005,1.6,CENTRO-OESTE,42360.6889647,49097127.8661,Plaza ,3300,VILLA URQUIZA,12.0,1430,C1430DID
VTA,TERRENO,-34.5752652,-58.492270999999995,760.0,760.0,Cullen y Altolaguirre,28.0,600000.0,16800000.0,789.4736839999999,22105.263158,,CENTRO-OESTE,42360.6889647,49097127.8661,Cullen y Altolaguirre,,VILLA URQUIZA,12.0,,
VTA,TERRENO,-34.573110236458994,-58.496847515404994,181.0,0.0,Aizpurua 2300,28.0,380000.0,10640000.0,2099.447514,58784.530387,,CENTRO-OESTE,42360.6889647,49097127.8661,Aizpurua ,2300,VILLA URQUIZA,12.0,1431,C1431EQB
VTA,TERRENO,-34.5709818,-58.479381999999994,230.0,150.0,LUGONES,28.0,380000.0,10640000.0,1652.173913,46260.869565,,CENTRO-OESTE,42360.6889647,49097127.8661,LUGONES,,VILLA URQUIZA,12.0,,
VTA,TERRENO,-34.563263,-58.480852,138.0,0.0,Plaza 3100,28.0,300000.0,8400000.0,2173.913043,60869.565216999996,1.6,CENTRO-OESTE,42360.6889647,49097127.8661,Plaza ,3100,VILLA URQUIZA,12.0,1430,C1430DHJ
VTA,TERRENO,-34.5760515,-58.491649100000004,560.0,560.0,Roosevelt y Altolaguirre,28.0,800000.0,22400000.0,1428.5714289999999,40000.0,,CENTRO-OESTE,42360.6889647,49097127.8661,Roosevelt y Altolaguirre,,VILLA URQUIZA,12.0,,
VTA,TERRENO,-34.579452,-58.4930279,338.0,0.0,Blanco Encalada 5600,28.0,950000.0,26600000.0,2810.650888,78698.224852,,CENTRO-OESTE,42360.6889647,49097127.8661,Blanco Encalada ,5600,VILLA URQUIZA,12.0,1431,C1431CDX
VTA,TERRENO,-34.5748744,-58.498112,226.0,226.0,Aizpurua 2928,28.0,590000.0,16520000.0,2610.619469,73097.34513300001,,CENTRO-OESTE,42360.6889647,49097127.8661,Aizpurua ,2928,VILLA URQUIZA,12.0,1431,C1431ERL
VTA,TERRENO,-34.568951899999995,-58.486296100000004,196.0,0.0,ALVAREZ THOMAS 3500,28.0,900000.0,25200000.0,4591.836735,128571.428571,5.2,CENTRO-OESTE,42360.6889647,49097127.8661,ALVAREZ THOMAS ,3500,VILLA URQUIZA,12.0,1431,C1431FPP
VTA,TERRENO,-34.5693817,-58.485079799999994,217.0,0.0,NAHUEL HUAPI 4700,28.0,850000.0,23800000.0,3917.0506909999995,109677.41935499999,3.46,CENTRO-OESTE,42360.6889647,49097127.8661,NAHUEL HUAPI ,4700,VILLA URQUIZA,12.0,1431,C1431BTD
VTA,TERRENO,-34.56335068,-58.48841858,340.0,2.0,M Pedraza,28.0,420000.0,11760000.0,1235.294118,34588.235294,1.6,CENTRO-OESTE,42360.6889647,49097127.8661,M Pedraza,,VILLA URQUIZA,12.0,,
VTA,TERRENO,-34.588089700000005,-58.478463299999994,249.0,0.0,Llerena 2900,28.0,780000.0,21840000.0,3132.53012,87710.843373,,CENTRO-OESTE,42360.6889647,49097127.8661,Llerena ,2900,PARQUE CHAS,15.0,1427,C1427DEJ
VTA,TERRENO,-34.584149700000005,-58.480064500000005,322.0,0.0,Baunes 1100,28.0,570000.0,15960000.0,1770.186335,49565.217391000006,,CENTRO-OESTE,42360.6889647,49097127.8661,Baunes ,1100,PARQUE CHAS,15.0,1427,C1427BCN
VTA,TERRENO,-34.5846513,-58.4794169,380.0,0.0,Benjamin Victorica,28.0,475000.0,13300000.0,1250.0,35000.0,,CENTRO-OESTE,42360.6889647,49097127.8661,Benjamin Victorica,,PARQUE CHAS,15.0,,
VTA,TERRENO,-34.58952,-58.473661,413.0,0.0,Chorroarin  600,28.0,1150000.0,32200000.0,2784.503632,77966.101695,,CENTRO-OESTE,42360.6889647,49097127.8661,Chorroarin  ,600,PARQUE CHAS,15.0,1427,C1427CXP
VTA,TERRENO,-34.58876038,-58.49176788,673.0,2.0,Asuncion /,28.0,1150000.0,32200000.0,1708.766716,47845.468053,,CENTRO-OESTE,42360.6889647,49097127.8661,Asuncion ,,AGRONOMIA,15.0,,
VTA,TERRENO,-34.58866501,-58.49333954,186.0,2.0,Nueva York,28.0,275000.0,7700000.0,1478.494624,41397.849462,,CENTRO-OESTE,42360.6889647,49097127.8661,Nueva York,,AGRONOMIA,15.0,,
VTA,TERRENO,-34.594428799999996,-58.4992063,400.0,0.0,HELGUERA 3820,28.0,365000.0,10220000.0,912.5,25550.0,,CENTRO-OESTE,42360.6889647,49097127.8661,HELGUERA ,3820,AGRONOMIA,15.0,1419,C1419CTH
VTA,TERRENO,-34.575498738491,-58.465334999475004,358.0,160.0,HEREDIA 1500,28.0,600000.0,16800000.0,1675.9776539999998,46927.374302,,CENTRO-OESTE,42360.6889647,49097127.8661,HEREDIA ,1500,VILLA ORTUZAR,15.0,1427,C1427CNZ
VTA,TERRENO,-34.6334158,-58.43107070000001,378.0,378.0,AVENIDA VERNET /,28.0,450000.0,12600000.0,1190.47619,33333.333332999995,1.2,CENTRO-OESTE,42360.6889647,49097127.8661,AVENIDA VERNET ,,PARQUE CHACABUCO,7.0,,
VTA,TERRENO,-34.629946000000004,-58.4369985,165.0,0.0,Zuviria 800,28.0,240000.0,6720000.0,1454.5454550000002,40727.272726999996,,CENTRO-OESTE,42360.6889647,49097127.8661,Zuviria ,800,PARQUE CHACABUCO,7.0,1424,C1424CKP
VTA,TERRENO,-34.6332889,-58.445303,260.0,150.0,PRIMERA JUNTA,28.0,930000.0,26040000.0,3576.9230770000004,100153.846154,,CENTRO-OESTE,42360.6889647,49097127.8661,PRIMERA JUNTA,,PARQUE CHACABUCO,7.0,,
VTA,TERRENO,-34.634762,-58.426584,323.0,0.0,SENILLOSA 1500,28.0,569000.0,15932000.0,1761.609907,49325.077399,,CENTRO-OESTE,42360.6889647,49097127.8661,SENILLOSA ,1500,PARQUE CHACABUCO,7.0,1424,C1424BPD
VTA,TERRENO,-34.640051,-58.44668000000001,300.0,0.0,AVELINO DIAZ,28.0,390000.0,10920000.0,1300.0,36400.0,,CENTRO-OESTE,42360.6889647,49097127.8661,AVELINO DIAZ,,PARQUE CHACABUCO,7.0,,
VTA,TERRENO,-34.5864975,-58.5100767,249.0,249.0,Campana 5049,28.0,360000.0,10080000.0,1445.783133,40481.927711000004,,CENTRO-OESTE,42360.6889647,49097127.8661,Campana ,5049,VILLA PUEYRREDON,12.0,1419,C1419AHU
VTA,TERRENO,-34.594986299999995,-58.5080147,157.0,0.0,J Gutenberg 3500,28.0,220000.0,6160000.0,1401.273885,39235.668789999996,1.2,CENTRO-OESTE,42360.6889647,49097127.8661,J Gutenberg ,3500,VILLA DEVOTO,11.0,,
VTA,TERRENO,-34.5950737,-58.506605799999996,306.0,0.0,J Gutenberg 3500,28.0,450000.0,12600000.0,1470.588235,41176.470588,1.2,CENTRO-OESTE,42360.6889647,49097127.8661,J Gutenberg ,3500,VILLA DEVOTO,11.0,,
VTA,TERRENO,-34.6084442,-58.50495060000001,374.0,374.0,Nazarre,28.0,350000.0,9800000.0,935.8288769999999,26203.208556,,CENTRO-OESTE,42360.6889647,49097127.8661,Nazarre,,VILLA DEVOTO,11.0,,
VTA,TERRENO,-34.591920414587,-58.505990299475,329.0,1.0,Jose Cubas,28.0,690000.0,19320000.0,2097.2644379999997,58723.404254999994,3.0,CENTRO-OESTE,42360.6889647,49097127.8661,Jose Cubas,,VILLA DEVOTO,11.0,,
VTA,TERRENO,-34.61242294,-58.52279282,310.0,2.0,Av. Fco. Beiro,28.0,1300000.0,36400000.0,4193.548387,117419.354839,,CENTRO-OESTE,42360.6889647,49097127.8661,Av. Fco. Beiro,,VILLA DEVOTO,11.0,,
VTA,TERRENO,-34.6006877,-58.5143934,550.0,350.0,Navarro 4200,28.0,1200000.0,33600000.0,2181.818182,61090.909090999994,,CENTRO-OESTE,42360.6889647,49097127.8661,Navarro ,4200,VILLA DEVOTO,11.0,1419,C1419HUF
VTA,TERRENO,-34.6125201,-58.5128941,200.0,142.0,Gonzalez Catan 4771,28.0,230000.0,6440000.0,1150.0,32200.0,,CENTRO-OESTE,42360.6889647,49097127.8661,Gonzalez Catan ,4771,VILLA DEVOTO,11.0,1417,C1417DZE
VTA,TERRENO,-34.584835399999996,-58.513799899999995,430.0,600.0,Bazurco 3400,28.0,1000000.0,28000000.0,2325.5813949999997,65116.279070000004,,CENTRO-OESTE,42360.6889647,49097127.8661,Bazurco ,3400,VILLA DEVOTO,11.0,1419,C1419FLJ
VTA,TERRENO,-34.5828662,-58.5136615,250.0,0.0,Campana 5500,28.0,400000.0,11200000.0,1600.0,44800.0,,CENTRO-OESTE,42360.6889647,49097127.8661,Campana ,5500,VILLA DEVOTO,11.0,1419,C1419AID
VTA,TERRENO,-34.617172,-58.48901600000001,190.0,0.0,CAMARONES 5000,28.0,212000.0,5936000.0,1115.789474,31242.105263,,SUR,70129.8832037,88566427.56749998,CAMARONES ,5000,VILLA SANTA RITA,11.0,1407,C1407FNH
VTA,TERRENO,-34.616893,-58.473701,280.0,0.0,CONDARCO 1300,28.0,300000.0,8400000.0,1071.4285710000001,30000.0,,SUR,70129.8832037,88566427.56749998,CONDARCO ,1300,VILLA SANTA RITA,11.0,1416,C1416AQD
VTA,TERRENO,-34.6246127,-58.512257700000006,232.0,0.0,Av. Alvarez Jonte 5300,28.0,350000.0,9800000.0,1508.62069,42241.379310000004,,SUR,70129.8832037,88566427.56749998,Av. Alvarez Jonte ,5300,MONTE CASTRO,10.0,1407,C1407GPT
VTA,TERRENO,-34.622902,-58.503164,170.0,0.0,Benito Juarez 1800,28.0,350000.0,9800000.0,2058.823529,57647.058824,,SUR,70129.8832037,88566427.56749998,Benito Juarez ,1800,MONTE CASTRO,10.0,1407,C1407CRB
VTA,TERRENO,-34.6200874,-58.5269304,990.0,0.0,Irigoyen 2300,28.0,750000.0,21000000.0,757.575758,21212.121212000002,,SUR,70129.8832037,88566427.56749998,Irigoyen ,2300,VILLA REAL,10.0,1408,C1408CPV
VTA,TERRENO,-34.633509499999995,-58.465232799999995,861.0,0.0,Culpina 300,28.0,1610000.0,45080000.0,1869.9186989999998,52357.723577,,SUR,70129.8832037,88566427.56749998,Culpina ,300,FLORES,7.0,1406,C1406ENF
VTA,TERRENO,-34.632086,-58.458254000000004,240.0,0.0,bonorino 300,28.0,700000.0,19600000.0,2916.666667,81666.666667,,SUR,70129.8832037,88566427.56749998,bonorino ,300,FLORES,7.0,1406,C1406DMF
VTA,TERRENO,-34.6208565,-58.4633463,355.0,355.0,Gavilan 700,28.0,600000.0,16800000.0,1690.140845,47323.943662,3.46,SUR,70129.8832037,88566427.56749998,Gavilan ,700,FLORES,7.0,1406,C1406BBJ
VTA,TERRENO,-34.6385849,-58.4621624,331.0,0.0,Culpina 800,28.0,320000.0,8960000.0,966.767372,27069.486405,2.5,SUR,70129.8832037,88566427.56749998,Culpina ,800,FLORES,7.0,1406,C1406ENP
VTA,TERRENO,-34.624659,-58.461489,340.0,0.0,Gavilán 300,28.0,600000.0,16800000.0,1764.705882,49411.764706,2.77,SUR,70129.8832037,88566427.56749998,Gavilán ,300,FLORES,7.0,1406,C1406BBB
VTA,TERRENO,-34.6307076,-58.466697399999994,370.0,1.0,CULPINA 100,28.0,1200000.0,33600000.0,3243.243243,90810.810811,,SUR,70129.8832037,88566427.56749998,CULPINA ,100,FLORES,7.0,1406,C1406ENB
VTA,TERRENO,-34.644289,-58.4477846,450.0,0.0,Saraza 2200,28.0,220000.0,6160000.0,488.88888899999995,13688.888888999998,,SUR,70129.8832037,88566427.56749998,Saraza ,2200,FLORES,7.0,1406,C1406IFP
VTA,TERRENO,-34.6321054,-58.4600202,435.0,435.0,José Bonifacio 2326,28.0,1100000.0,30800000.0,2528.735632,70804.597701,,SUR,70129.8832037,88566427.56749998,José Bonifacio ,2326,FLORES,7.0,1406,C1406GXZ
VTA,TERRENO,-34.638529,-58.46603,311.0,311.0,San Pedrito 600,28.0,575000.0,16100000.0,1848.874598,51768.488745999995,,SUR,70129.8832037,88566427.56749998,San Pedrito ,600,FLORES,7.0,1406,C1406EXS
VTA,TERRENO,-34.6431662,-58.4587088,237.0,1.0,ECHEANDIA 2800,28.0,240000.0,6720000.0,1012.6582279999999,28354.43038,,SUR,70129.8832037,88566427.56749998,ECHEANDIA ,2800,FLORES,7.0,1406,C1406HRD
VTA,TERRENO,-34.6437657,-58.459704,237.0,237.0,ECHEANDIA 2900,28.0,262000.0,7336000.0,1105.485232,30953.586498,,SUR,70129.8832037,88566427.56749998,ECHEANDIA ,2900,FLORES,7.0,1406,C1406HRF
VTA,TERRENO,-34.63069470000001,-58.46965279999999,950.0,950.0,avenida nazca y rivadavia,28.0,700000.0,19600000.0,736.842105,20631.578946999998,,SUR,70129.8832037,88566427.56749998,avenida nazca y rivadavia,,FLORES,7.0,,
VTA,TERRENO,-34.6184882,-58.46834125,552.0,0.0,ARTIGAS 1000,28.0,850000.0,23800000.0,1539.855072,43115.942029000005,,SUR,70129.8832037,88566427.56749998,ARTIGAS ,1000,FLORES,7.0,1406,C1406ABP
VTA,TERRENO,-34.61876470000001,-58.4669925,134.0,0.0,BUFANO ALFREDO R. 1000,28.0,365000.0,10220000.0,2723.880597,76268.656716,,SUR,70129.8832037,88566427.56749998,BUFANO ALFREDO R. ,1000,FLORES,7.0,1406,C1406AXF
VTA,TERRENO,-34.620559,-58.461123,344.0,0.0,Avda.Boyacá 600,28.0,1000000.0,28000000.0,2906.976744,81395.348837,,SUR,70129.8832037,88566427.56749998,Avda.Boyacá ,600,FLORES,7.0,1406,C1406BHJ
VTA,TERRENO,-34.63666129999999,-58.4711703,250.0,250.0,Avenida Directorio 3200,28.0,595000.0,16660000.0,2380.0,66640.0,,SUR,70129.8832037,88566427.56749998,Avenida Directorio ,3200,FLORES,7.0,1406,C1406HAU
VTA,TERRENO,-34.634102,-58.462709,507.0,0.0,tandil 2531,28.0,580000.0,16240000.0,1143.9842210000002,32031.558185,,SUR,70129.8832037,88566427.56749998,tandil ,2531,FLORES,7.0,1406,C1406HBA
VTA,TERRENO,-34.619356599999996,-58.463118200000004,369.0,230.0,Granaderos 700,28.0,600000.0,16800000.0,1626.0162599999999,45528.455285000004,3.46,SUR,70129.8832037,88566427.56749998,Granaderos ,700,FLORES,7.0,1406,C1406BDL
VTA,TERRENO,-34.6246225,-58.4581593,171.0,0.0,BOYACA 200,28.0,600000.0,16800000.0,3508.77193,98245.614035,,SUR,70129.8832037,88566427.56749998,BOYACA ,200,FLORES,7.0,1406,C1406BHB
VTA,TERRENO,-34.638144399999995,-58.46129010000001,270.0,0.0,Arrotea 700,28.0,280000.0,7840000.0,1037.0370369999998,29037.037037000002,,SUR,70129.8832037,88566427.56749998,Arrotea ,700,FLORES,7.0,1406,C1406ESB
VTA,TERRENO,-34.624145399999996,-58.45931529999999,255.0,0.0,Fray Luis Beltran 200,28.0,420000.0,11760000.0,1647.058824,46117.647058999995,,SUR,70129.8832037,88566427.56749998,Fray Luis Beltran ,200,FLORES,7.0,1406,C1406BED
VTA,TERRENO,-34.6299705,-58.459039399999995,112.0,120.0,Bonorino,28.0,500000.0,14000000.0,4464.285714,125000.0,,SUR,70129.8832037,88566427.56749998,Bonorino,,FLORES,7.0,,
VTA,TERRENO,-34.631065,-58.468102,574.0,0.0,Av. Lafuente y Rivadavia,28.0,1430000.0,40040000.0,2491.289199,69756.097561,,SUR,70129.8832037,88566427.56749998,Av. Lafuente y Rivadavia,,FLORES,7.0,,
VTA,TERRENO,-34.617336,-58.466091000000006,266.0,0.0,Franklin 2200,28.0,585000.0,16380000.0,2199.2481199999997,61578.947367999994,,SUR,70129.8832037,88566427.56749998,Franklin ,2200,FLORES,7.0,1406,C1406FMJ
VTA,TERRENO,-34.6455185,-58.4595267,748.0,0.0,avenida lafuente 1300,28.0,700000.0,19600000.0,935.8288769999999,26203.208556,,SUR,70129.8832037,88566427.56749998,avenida lafuente ,1300,FLORES,7.0,1406,C1406EUO
VTA,TERRENO,-34.6261234,-58.489135600000004,325.0,0.0,Juan B. Justo 6900,28.0,750000.0,21000000.0,2307.6923079999997,64615.384614999995,3.0,SUR,70129.8832037,88566427.56749998,Juan B. Justo ,6900,FLORESTA,10.0,1407,C1407FAT
VTA,TERRENO,-34.6286456,-58.4852782,445.0,270.0,Aranguren  3900,28.0,550000.0,15400000.0,1235.955056,34606.741573,,SUR,70129.8832037,88566427.56749998,Aranguren  ,3900,FLORESTA,10.0,1407,C1407ELL
VTA,TERRENO,-34.624637400000005,-58.482811399999996,200.0,0.0,Avenida Gaona 4200,28.0,700000.0,19600000.0,3500.0,98000.0,,SUR,70129.8832037,88566427.56749998,Avenida Gaona ,4200,FLORESTA,10.0,1407,C1407FIQ
VTA,TERRENO,-34.6253239,-58.481607700000005,375.0,370.0,Felipe Vallese 3627,28.0,1250000.0,35000000.0,3333.333333,93333.333333,,SUR,70129.8832037,88566427.56749998,Felipe Vallese ,3627,FLORESTA,10.0,1407,C1407MHG
VTA,TERRENO,-34.6348134,-58.4722855,169.0,0.0,Portela 200,28.0,315000.0,8820000.0,1863.905325,52189.349112,2.5,SUR,70129.8832037,88566427.56749998,Portela ,200,FLORESTA,10.0,1406,C1406FDD
VTA,TERRENO,-34.63565870000001,-58.41935060000001,550.0,0.0,Castro 1800,28.0,430000.0,12040000.0,781.818182,21890.909091,,SUR,70129.8832037,88566427.56749998,Castro ,1800,BOEDO,5.0,1237,C1237AAN
VTA,TERRENO,-34.6291169,-58.4180446,203.0,0.0,Tarija 3800,28.0,420000.0,11760000.0,2068.965517,57931.034483,,SUR,70129.8832037,88566427.56749998,Tarija ,3800,BOEDO,5.0,1253,C1253ACJ
VTA,TERRENO,-34.6354374,-58.4130225,577.0,0.0,Chiclana 3400,28.0,1000000.0,28000000.0,1733.102253,48526.863085000005,,SUR,70129.8832037,88566427.56749998,Chiclana ,3400,BOEDO,5.0,1260,C1260ACN
VTA,TERRENO,-34.6263097,-58.4213074,312.0,0.0,SAN JUAN 3900,28.0,1100000.0,30800000.0,3525.641026,98717.948718,,SUR,70129.8832037,88566427.56749998,SAN JUAN ,3900,BOEDO,5.0,1233,C1233ABV
VTA,TERRENO,-34.64036110000001,-58.48819159999999,598.0,0.0,Santiago de las Carreras 300,28.0,780000.0,21840000.0,1304.347826,36521.73913,,SUR,70129.8832037,88566427.56749998,Santiago de las Carreras ,300,VELEZ SARSFIELD,10.0,1407,C1407KTF
VTA,TERRENO,-34.624696899999996,-58.504085399999994,487.0,1.0,JUAN A GARCIA,28.0,582000.0,16296000.0,1195.0718689999999,33462.01232,3.0,SUR,70129.8832037,88566427.56749998,JUAN A GARCIA,,VELEZ SARSFIELD,10.0,,
VTA,TERRENO,-34.640538899999996,-58.48815329999999,278.0,243.0,Santiago de las Carreras 300,28.0,250000.0,7000000.0,899.280576,25179.856115000002,,SUR,70129.8832037,88566427.56749998,Santiago de las Carreras ,300,VELEZ SARSFIELD,10.0,1407,C1407KTF
VTA,TERRENO,-34.6351377,-58.48483710000001,84.0,300.0,BOLAÑOS 39,28.0,380000.0,10640000.0,4523.809524,126666.66666700001,2.5,SUR,70129.8832037,88566427.56749998,BOLA,39,VELEZ SARSFIELD,10.0,1407,C1407JPA
VTA,TERRENO,-34.6371751,-58.5060296,315.0,188.0,Yerbal 5600,28.0,225000.0,6300000.0,714.285714,20000.0,,SUR,70129.8832037,88566427.56749998,Yerbal ,5600,VILLA LURO,10.0,1407,C1407EBT
VTA,TERRENO,-34.642784000000006,-58.492518999999994,161.0,0.0,Av. Emilio Castro 4800,28.0,198000.0,5544000.0,1229.8136650000001,34434.782608999994,,SUR,70129.8832037,88566427.56749998,Av. Emilio Castro ,4800,VILLA LURO,10.0,1407,C1407GYN
VTA,TERRENO,-34.640564700000006,-58.397105599999996,299.0,0.0,Colonia 300,28.0,475000.0,13300000.0,1588.6287630000002,44481.605351,,SUR,70129.8832037,88566427.56749998,Colonia ,300,PARQUE PATRICIOS,4.0,1437,C1437JNF
VTA,TERRENO,-34.637551,-58.403589100000005,575.0,0.0,Zavaleta 100,28.0,1250000.0,35000000.0,2173.913043,60869.565216999996,,SUR,70129.8832037,88566427.56749998,Zavaleta ,100,PARQUE PATRICIOS,4.0,1437,C1437EYB
VTA,TERRENO,-34.6311141,-58.406408,254.0,0.0,LA Rioja 1700,28.0,250000.0,7000000.0,984.2519689999999,27559.055118,1.6,SUR,70129.8832037,88566427.56749998,LA Rioja ,1700,PARQUE PATRICIOS,4.0,1244,C1244ABJ
VTA,TERRENO,-34.636138,-58.403901,638.0,0.0,Dean Funes 2100,28.0,1500000.0,42000000.0,2351.097179,65830.721003,,SUR,70129.8832037,88566427.56749998,Dean Funes ,2100,PARQUE PATRICIOS,4.0,1244,C1244AAR
VTA,TERRENO,-34.6467,-58.411761,451.0,0.0,FAMATINA 3565,28.0,379000.0,10612000.0,840.354767,23529.933481,,SUR,70129.8832037,88566427.56749998,FAMATINA ,3565,PARQUE PATRICIOS,4.0,1437,C1437IOM
VTA,TERRENO,-34.664666100000005,-58.49144329999999,455.0,0.0,MURGUIONDO 2800,28.0,280000.0,7840000.0,615.384615,17230.769231000002,,SUR,70129.8832037,88566427.56749998,MURGUIONDO ,2800,MATADEROS,9.0,1440,C1440COJ
VTA,TERRENO,-34.6697367,-58.5055176,224.0,0.0,Saladillo 2800,28.0,140000.0,3920000.0,625.0,17500.0,,SUR,70129.8832037,88566427.56749998,Saladillo ,2800,MATADEROS,9.0,1440,C1440FGD
VTA,TERRENO,-34.647474,-58.5002533,232.0,0.0,Albariño 1000,28.0,380000.0,10640000.0,1637.931034,45862.068966000006,3.46,SUR,70129.8832037,88566427.56749998,Albariño ,1000,MATADEROS,9.0,1440,C1440DEH
VTA,TERRENO,-34.660217200000005,-58.50611800000001,398.0,395.0,Cañada de Gómez,28.0,480000.0,13440000.0,1206.030151,33768.844221,,SUR,70129.8832037,88566427.56749998,Cañada de Gómez,,MATADEROS,9.0,,
VTA,TERRENO,-34.662290999999996,-58.5117772,450.0,0.0,Montiel 2200,28.0,293000.0,8204000.0,651.111111,18231.111111000002,,SUR,70129.8832037,88566427.56749998,Montiel ,2200,MATADEROS,9.0,1440,C1440EVN
VTA,TERRENO,-34.655049,-58.482943000000006,306.0,0.0,Gregorio de Laferrere 4900,28.0,174000.0,4872000.0,568.627451,15921.568627,,SUR,70129.8832037,88566427.56749998,Gregorio de Laferrere ,4900,MATADEROS,9.0,1407,C1407HQZ
VTA,TERRENO,-34.6612845,-58.4841454,350.0,250.0,MIRALLA 2348,28.0,215000.0,6020000.0,614.285714,17200.0,,SUR,70129.8832037,88566427.56749998,MIRALLA ,2348,MATADEROS,9.0,1440,C1440DDJ
VTA,TERRENO,-34.674089,-58.479594999999996,200.0,0.0,MURGUINDO 3899,28.0,210000.0,5880000.0,1050.0,29400.0,,SUR,70129.8832037,88566427.56749998,MURGUINDO ,3899,VILLA LUGANO,8.0,,
VTA,TERRENO,-34.664827100000004,-58.4797595,148.0,148.0,MIRALLA,28.0,170000.0,4760000.0,1148.648649,32162.162162,,SUR,70129.8832037,88566427.56749998,MIRALLA,,VILLA LUGANO,8.0,,
VTA,TERRENO,-34.614985,-58.46524599999999,553.0,0.0,BOYACA 1200,28.0,1400000.0,39200000.0,2531.64557,70886.075949,,SUR,70129.8832037,88566427.56749998,BOYACA ,1200,VILLA GRAL. MITRE,11.0,1416,C1416AAB
VTA,TERRENO,-34.6036194,-58.4643962,360.0,0.0,AV DONATO ALVAREZ 2000,28.0,1280000.0,35840000.0,3555.5555560000003,99555.55555599999,,SUR,70129.8832037,88566427.56749998,AV DONATO ALVAREZ ,2000,VILLA GRAL. MITRE,11.0,1416,C1416BTV
VTA,TERRENO,-34.612590000000004,-58.461467799999994,437.0,0.0,Trelles 1200,28.0,550000.0,15400000.0,1258.581236,35240.2746,,SUR,70129.8832037,88566427.56749998,Trelles ,1200,VILLA GRAL. MITRE,11.0,1416,C1416BRB
VTA,TERRENO,-34.618021,-58.47065500000001,225.0,0.0,Bolivia 1100,28.0,305000.0,8540000.0,1355.555556,37955.555556,,SUR,70129.8832037,88566427.56749998,Bolivia ,1100,VILLA GRAL. MITRE,11.0,1406,C1406ADT
VTA,TERRENO,-34.612590000000004,-58.461467799999994,437.0,644.0,Trelles 1200,28.0,620000.0,17360000.0,1418.764302,39725.400458,,SUR,70129.8832037,88566427.56749998,Trelles ,1200,VILLA GRAL. MITRE,11.0,1416,C1416BRB
VTA,TERRENO,-34.604181,-58.461254000000004,93.0,0.0,Nicasio Oroño 1900,28.0,270000.0,7560000.0,2903.225806,81290.322581,,SUR,70129.8832037,88566427.56749998,Nicasio Oroño ,1900,VILLA GRAL. MITRE,11.0,1416,C1416BZP
VTA,TERRENO,-34.604850899999995,-58.47117339999999,279.0,0.0,Andres Lamas 2200,28.0,300000.0,8400000.0,1075.268817,30107.526882,,SUR,70129.8832037,88566427.56749998,Andres Lamas ,2200,VILLA GRAL. MITRE,11.0,1416,C1416BIV
VTA,TERRENO,-34.613888200000005,-58.4607884,206.0,526.0,Trelles 1100,28.0,640000.0,17920000.0,3106.7961170000003,86990.291262,,SUR,70129.8832037,88566427.56749998,Trelles ,1100,VILLA GRAL. MITRE,11.0,1406,C1406BMJ
VTA,TERRENO,-34.6109654,-58.465554700000006,247.0,0.0,Medanos 1500,28.0,210000.0,5880000.0,850.2024289999999,23805.668016,,SUR,70129.8832037,88566427.56749998,Medanos ,1500,VILLA GRAL. MITRE,11.0,,
VTA,TERRENO,-34.6445501,-58.3695642,366.0,190.0,Coronel Salvadores 1300,28.0,380000.0,10640000.0,1038.251366,29071.038250999998,,SUR,70129.8832037,88566427.56749998,Coronel Salvadores ,1300,BARRACAS,4.0,1167,C1167AHH
VTA,TERRENO,-34.639313251414,-58.371193084656,361.0,0.0,Azara 700,28.0,489999.0,13719972.0,1357.33795,38005.462604,2.0,SUR,70129.8832037,88566427.56749998,Azara ,700,BARRACAS,4.0,1267,C1267ABN
VTA,TERRENO,-34.628232000000004,-58.376132,500.0,0.0,Tacuari 1700,28.0,800000.0,22400000.0,1600.0,44800.0,,SUR,70129.8832037,88566427.56749998,Tacuari ,1700,BARRACAS,4.0,1139,C1139AAJ
VTA,TERRENO,-34.646413700000004,-58.3742519,119.0,0.0,Gral. Hornos 1700,28.0,260000.0,7280000.0,2184.87395,61176.470588,,SUR,70129.8832037,88566427.56749998,Gral. Hornos ,1700,BARRACAS,4.0,1272,C1272ADH
VTA,TERRENO,-34.6529875,-58.376855799999994,484.0,405.0,San Antonio 900,28.0,300000.0,8400000.0,619.8347110000001,17355.371901,,SUR,70129.8832037,88566427.56749998,San Antonio ,900,BARRACAS,4.0,1276,C1276ADL
VTA,TERRENO,-34.6434061,-58.368753000000005,470.0,450.0,Avenida Regimiento Patricios 1400,28.0,800000.0,22400000.0,1702.12766,47659.574468,,SUR,70129.8832037,88566427.56749998,Avenida Regimiento Patricios ,1400,BARRACAS,4.0,1265,C1265AET
VTA,TERRENO,-34.647123,-58.47061,304.0,0.0,Laguna 1300,28.0,150000.0,4200000.0,493.42105300000003,13815.789474000001,,SUR,70129.8832037,88566427.56749998,Laguna ,1300,PARQUE AVELLANEDA,9.0,1407,C1407JVT
VTA,TERRENO,-34.654034,-58.40981899999999,260.0,0.0,Av. Amancio Alcorta 3600,28.0,300000.0,8400000.0,1153.8461539999998,32307.692307999998,,SUR,70129.8832037,88566427.56749998,Av. Amancio Alcorta ,3600,NUEVA POMPEYA,4.0,1437,C1437HUS
VTA,TERRENO,-34.640154948776996,-58.414872090057,356.0,0.0,Teniente General Gregorio Pomar 3600,28.0,420000.0,11760000.0,1179.775281,33033.707865,,SUR,70129.8832037,88566427.56749998,Teniente General Gregorio Pomar ,3600,NUEVA POMPEYA,4.0,,
VTA,TERRENO,-34.640995600000004,-58.413061,356.0,0.0,Uspallata 3500,28.0,450000.0,12600000.0,1264.044944,35393.258427,,SUR,70129.8832037,88566427.56749998,Uspallata ,3500,NUEVA POMPEYA,4.0,,
VTA,TERRENO,-34.650917299999996,-58.420189199999996,800.0,0.0,Av Saez 1200,28.0,647500.0,18130000.0,809.375,22662.5,,SUR,70129.8832037,88566427.56749998,Av Saez ,1200,NUEVA POMPEYA,4.0,,
VTA,TERRENO,-34.641326299999996,-58.429127,102.0,0.0,La Trilla 2100,28.0,170000.0,4760000.0,1666.666667,46666.666667000005,,SUR,70129.8832037,88566427.56749998,La Trilla ,2100,NUEVA POMPEYA,4.0,,
VTA,TERRENO,-34.65108871,-58.41268921,300.0,0.0,Traful  3700,28.0,345000.0,9660000.0,1150.0,32200.0,,SUR,70129.8832037,88566427.56749998,Traful  ,3700,NUEVA POMPEYA,4.0,1437,C1437HMH
VTA,TERRENO,-34.6404928,-58.4167,300.0,0.0,Raulet 100,28.0,450000.0,12600000.0,1500.0,42000.0,,SUR,70129.8832037,88566427.56749998,Raulet ,100,NUEVA POMPEYA,4.0,1437,C1437DMB
VTA,TERRENO,-34.6464842,-58.4206584,132.0,132.0,CORRALES,28.0,150000.0,4200000.0,1136.363636,31818.181818,,SUR,70129.8832037,88566427.56749998,CORRALES,,NUEVA POMPEYA,4.0,,
VTA,TERRENO,-34.642585600000004,-58.421071600000005,362.0,362.0,Uspallata 4166,28.0,330000.0,9240000.0,911.60221,25524.861878,,SUR,70129.8832037,88566427.56749998,Uspallata ,4166,NUEVA POMPEYA,4.0,1437,C1437JDF
VTA,TERRENO,-34.642416600000004,-58.41533670000001,389.0,0.0,Achala 3600,28.0,220000.0,6160000.0,565.5526990000001,15835.475578,,SUR,70129.8832037,88566427.56749998,Achala ,3600,NUEVA POMPEYA,4.0,1437,C1437IZB
VTA,TERRENO,-34.6514352,-58.5268179,147.0,0.0,Martánez de Hoz,28.0,210000.0,5880000.0,1428.5714289999999,40000.0,1.0,SUR,70129.8832037,88566427.56749998,Martánez de Hoz,,LINIERS,9.0,,
VTA,TERRENO,-34.632715000000005,-58.516677,950.0,0.0,Miranda 6100,28.0,669000.0,18732000.0,704.210526,19717.894737,,SUR,70129.8832037,88566427.56749998,Miranda ,6100,VERSALLES,10.0,1408,C1408CGF
VTA,TERRENO,-34.6290628,-58.3649249,226.0,226.0,Av. Almirante Brown 330,28.0,500000.0,14000000.0,2212.389381,61946.902655,4.0,SUR,70129.8832037,88566427.56749998,Av. Almirante Brown ,330,BOCA,4.0,1155,C1155AEN
VTA,TERRENO,-34.633475700000005,-58.36010400000001,632.0,0.0,Almirante Brown 900,28.0,1300000.0,36400000.0,2056.962025,57594.936709,,SUR,70129.8832037,88566427.56749998,Almirante Brown ,900,BOCA,4.0,1159,C1159ABN
VTA,TERRENO,-34.63421339999999,-58.3676264,394.0,0.0,Wenseslao Villafañe 1000,28.0,239000.0,6692000.0,606.598985,16984.771574000002,,SUR,70129.8832037,88566427.56749998,Wenseslao Villafañe ,1000,BOCA,4.0,,
VTA,TERRENO,-34.6449838,-58.362736700000006,250.0,0.0,California 900,28.0,285000.0,7980000.0,1140.0,31920.0,,SUR,70129.8832037,88566427.56749998,California ,900,BOCA,4.0,1168,C1168AAF
VTA,TERRENO,-34.6322532,-58.3591064,239.0,0.0,Aristobulo del Valle 300,28.0,267000.0,7476000.0,1117.154812,31280.334727999998,,SUR,70129.8832037,88566427.56749998,Aristobulo del Valle ,300,BOCA,4.0,1160,C1160ADF
